{
  "corr": {
    "within_Fortran": {
      "mean": 0.6381677620538229,
      "sd": 0.0399667980806766
    },
    "within_pyAMICA": {
      "mean": 0.6607896979339162,
      "sd": 0.045137442548171064
    },
    "between": {
      "mean": 0.6488786475823026,
      "sd": 0.04514188820202348
    },
    "perm_p_not_worse": 0.9575521223938803
  },
  "amari": {
    "within_Fortran": {
      "mean": 0.17445654208481567,
      "sd": 0.023308505475839996
    },
    "within_pyAMICA": {
      "mean": 0.15362352165359372,
      "sd": 0.0192204636370985
    },
    "between": {
      "mean": 0.16339570995939198,
      "sd": 0.022205443800662764
    },
    "perm_p_not_worse": 0.99990000499975
  }
}