{
  "corr": {
    "within_Fortran": {
      "mean": 0.6381677620538229,
      "sd": 0.0399667980806766
    },
    "within_pyAMICA": {
      "mean": 0.6607896979339162,
      "sd": 0.045137442548171064
    },
    "between": {
      "mean": 0.6488786475823026,
      "sd": 0.04514188820202348
    },
    "perm_p_not_worse": 0.9575521223938803
  },
  "amari": {
    "within_Fortran": {
      "mean": 0.17447386639434012,
      "sd": 0.023359776895394625
    },
    "within_pyAMICA": {
      "mean": 0.154701576817459,
      "sd": 0.020257598950260396
    },
    "between": {
      "mean": 0.16114745237898234,
      "sd": 0.022870881634687822
    },
    "perm_p_not_worse": 0.9984000799960002
  }
}